Company,Job Title,location,period,location General,period_posted,PostedDay,value_is_NaN,PostedDate,period apply before
Marga Nusantara Jaya,SALES ADMINISTRATION OFFICER,Jakarta Timur, Apply before 30 May,Jakarta,Posted 6 months ago ,180,,2022-11-16,2023-05-30
PT Sinar Mas Digital Ventures,President Director,Surabaya, Apply before 9 Dec,Surabaya,Posted 3 months ago ,90,,2023-02-14,2023-12-09
Permata Bank,"Audit, Data Analytics",Tangerang, Apply before 29 Jun,Tangerang,Posted 3 months ago ,90,,2023-02-14,2023-06-29
Moneta Pay,Account Manager (Mandarin Speaker),Jakarta Barat, Apply before 9 Oct,Jakarta,Posted 5 months ago ,150,,2022-12-16,2023-05-19
PT IONPay Networks (NICEPAY),Merchant Acquisition Officer,Jakarta Selatan, Apply before 7 Jul,Jakarta,Posted 6 days ago ,6,,2023-05-09,2023-10-09
PT Adi Data Informatika,Quality Assurance Tester,Jakarta Barat, Apply before 30 Jul,Jakarta,Posted 4 months ago ,120,,2023-01-15,2023-07-07
Kompas Gramedia,Back End Developer - Digital IT,Jakarta Pusat, Apply before 30 Aug,Jakarta,Posted 2 months ago ,60,,2023-03-16,2023-07-30
PT Adi Data Informatika,IT Developer,Jakarta Barat, Apply before 12 Dec,Jakarta,Posted 4 months ago ,120,,2023-01-15,2023-08-30
Investree,Business Development Manager,Jakarta Pusat, Apply before 29 Jun,Jakarta,Posted 12 days ago ,12,,2023-05-03,2023-06-10
PT Andalan Nusantara Teknologi,Senior IT Engineers (GOV/DEV/INF) / Professional Trainers,Jakarta Pusat, Apply before 14 Jun,Jakarta,Posted 13 days ago ,13,,2023-05-02,2023-05-30
Kompas Gramedia,News Video Editor - KOMPAS.com (Solo),Surakarta, Apply before 30 Jul,Surakarta,Posted 11 days ago ,11,,2023-05-04,2023-12-12
PT Adi Data Informatika,IT Developer,Jakarta Barat, Apply before 12 Dec,Jakarta,Posted 4 months ago ,120,,2023-01-15,2023-05-30
Investree,Business Development Manager,Jakarta Pusat, Apply before 29 Jun,Jakarta,Posted 12 days ago ,12,,2023-05-03,2023-06-29
PT Andalan Nusantara Teknologi,Senior IT Engineers (GOV/DEV/INF) / Professional Trainers,Jakarta Pusat, Apply before 14 Jun,Jakarta,Posted 13 days ago ,13,,2023-05-02,2023-06-14
IDN Media,Account Manager (Production House),Jakarta Pusat, Apply before 29 May,Jakarta,Posted 2 months ago ,60,,2023-03-16,2023-07-30
GITS Indonesia,HR Compensation & Benefits,Bandung, Apply before 20 Sep,Bandung,Posted 7 days ago ,7,,2023-05-08,2023-05-30
PT Bumi Amartha Teknologi Mandiri,Technical Writer,Jakarta Selatan, Apply before 9 Jul,Jakarta,Posted 4 days ago ,4,,2023-05-11,2023-12-12
Compas.co.id,Account Executive,Jakarta Pusat, Apply before 29 Jul,Jakarta,Posted 13 days ago ,13,,2023-05-02,2023-05-30
Pajak.io,Growth Marketing,Jakarta Pusat, Apply before 10 Jul,Jakarta,Posted 3 days ago ,3,,2023-05-12,2023-06-29
paper.id,Product Manager (Jakarta and Malang),Jakarta Utara, Apply before 26 Oct,Jakarta,Posted 20 days ago ,20,,2023-04-25,2023-12-07
PT Midas Daya Teknologi,Senior Business Analyst,Jakarta Pusat, Apply before 27 May,Jakarta,Posted 2 months ago ,60,,2023-03-16,2023-06-14
PT Bumi Amartha Teknologi Mandiri,System Analyst,Jakarta Selatan, Apply before 28 Jun,Jakarta,Posted 2 months ago ,60,,2023-03-16,2023-05-29
Compas.co.id,Data and Product Quality Assurance,Jakarta Pusat, Apply before 25 Jun,Jakarta,Posted 18 days ago ,18,,2023-04-27,2023-09-20
Kompas Gramedia,System Engineer (Information Security Engineer) - Corp. IT & IS,Jakarta Barat, Apply before 30 Jul,Jakarta,Posted 4 days ago ,4,,2023-05-11,2023-07-09
PT BFI Finance Indonesia Tbk,Database Analytic & Utilization,Tangerang, Apply before 26 Jun,Tangerang,Posted 17 days ago ,17,,2023-04-28,2023-08-09
Investree,Back-end Engineer,Jakarta Selatan, Apply before 17 Mar,Jakarta,Posted 2 months ago ,60,,2023-03-16,2023-07-29
Accenture,SAP MM Consultant,Jakarta Pusat, Apply before 31 Jul,Jakarta,Posted 5 months ago ,150,,2022-12-16,2023-06-01
PT. Sinar Mitra Sepadan Finance (SMSFinance),HR Industrial Relation Specialist,Jakarta Selatan, Apply before 2 Jul,Jakarta,Posted 6 days ago ,6,,2023-05-09,2023-07-10
PT Mastersystem Infotama,Technical Solution Developer,Jakarta Pusat, Apply before 22 May,Jakarta,Posted 2 hours ago ,2,,2023-05-13,2023-10-26
paper.id,Tech Lead (Jakarta and Malang),Jakarta Utara, Apply before 29 Jun,Jakarta,Posted 13 days ago ,13,,2023-05-02,2023-12-15
Kompas Gramedia,Backend Developer,Jakarta Barat, Apply before 21 May,Jakarta,Posted 2 months ago ,60,,2023-03-16,2023-05-30
PT. Jasa Teknologi Informasi IBM,Back End Developer,Jakarta Pusat, Apply before 30 May,Jakarta,Posted 2 months ago ,60,,2023-03-16,2023-06-01
PT Panin Dai-Ichi Life (Bancassurance),"Bancassurance Oficer (Area: Pluit, Cengkareng, Bekasi, Karawang, Cikarang)",Jakarta Utara, Apply before 3 Jul,Jakarta,Posted 10 days ago ,10,,2023-05-05,2023-05-27
paper.id,DevOps Engineer (Jakarta and Malang),Jakarta Utara, Apply before 29 Jun,Jakarta,Posted 11 days ago ,11,,2023-05-04,2023-06-28
PT Midas Daya Teknologi,Senior Business Analyst,Jakarta Pusat, Apply before 27 May,Jakarta,Posted 2 months ago ,60,,2023-03-16,2023-12-15
PT Mastersystem Infotama,Network Engineer,Jakarta Pusat, Apply before 22 May,Jakarta,Posted 2 hours ago ,2,,2023-05-13,2023-06-25
PT Mastersystem Infotama,Technical Solution Developer,Jakarta Pusat, Apply before 22 May,Jakarta,Posted 2 hours ago ,2,,2023-05-13,2023-07-30
TaxPrime,Back-End Java Developer,Jakarta Selatan, Apply before 28 May,Jakarta,Posted 5 days ago ,5,,2023-05-10,2023-06-26
Kompas Gramedia,System Engineer (Information Security Engineer) - Corp. IT & IS,Jakarta Barat, Apply before 30 Jul,Jakarta,Posted 4 days ago ,4,,2023-05-11,2023-06-11
Kompas Gramedia,Backend Developer,Jakarta Barat, Apply before 21 May,Jakarta,Posted 2 months ago ,60,,2023-03-16,2023-03-17
PT Majoo Teknologi Indonesia,Telesales Business Partner,Jakarta Selatan, Apply before 29 Jun,Jakarta,Posted 6 days ago ,6,,2023-05-09,2023-07-31
PT Berlian Sistem Informasi,IT Product Management,Jakarta Timur, Apply before 19 Sep,Jakarta,Posted 3 months ago ,90,,2023-02-14,2023-07-02
Rakamin Academy,Data Analyst,Jakarta Selatan, Apply before 2 Aug,Jakarta,Posted 11 days ago ,11,,2023-05-04,2023-05-22
PT BFI Finance Indonesia Tbk,Product Development Specialist | PinjamModal,Tangerang, Apply before 15 May,Tangerang,Posted 2 months ago ,60,,2023-03-16,2023-06-29
PT BFI Finance Indonesia Tbk,Business Analyst for Management Internship,Tangerang, Apply before 30 May,Tangerang,Posted 19 days ago ,19,,2023-04-26,2023-05-21
SehatQ,Backend Developer,Jakarta Pusat, Apply before 29 Jun,Jakarta,Posted 12 days ago ,12,,2023-05-03,2023-05-30
Kraft Heinz ABC Indonesia,Customer Development Leader - Food Service (CDL FS) Jakarta,Jakarta Selatan, Apply before 17 May,Jakarta,Posted 2 months ago ,60,,2023-03-16,2023-06-11
FinAccel,Backend Engineer,Jakarta Pusat, Apply before 30 Dec,Jakarta,Posted 4 months ago ,120,,2023-01-15,2023-07-03
PT. Jasa Teknologi Informasi IBM,Back End Developer,Jakarta Pusat, Apply before 30 May,Jakarta,Posted 2 months ago ,60,,2023-03-16,2023-05-30
OY! Indonesia,AML (Anti Money Laundering) Staff,Jakarta Selatan, Apply before 30 Jun,Jakarta,Posted 13 days ago ,13,,2023-05-02,2023-06-29
PT InfraCom Technology,IT Treasury Business Analyst,Jakarta Pusat, Apply before 19 Jun,Jakarta,Posted 20 days ago ,20,,2023-04-25,2023-05-27
PT Lyrid Teknologi Nusantara,Sales Operations Specialist,Jakarta Utara, Apply before 2 May,Jakarta,Posted 12 days ago ,12,,2023-05-03,2023-05-22
Dans Multi Pro,Account Manager,Jakarta Selatan, Apply before 6 Jul,Jakarta,Posted 7 days ago ,7,,2023-05-08,2023-05-22
Alodokter,Head of Corporate Sales,Jakarta Selatan, Apply before 11 Jun,Jakarta,Posted 3 days ago ,3,,2023-05-12,2023-05-28
Marga Nusantara Jaya,Branch Administration Officer,Jakarta Timur, Apply before 30 Dec,Jakarta,Posted 4 months ago ,120,,2023-01-15,2023-06-08
PT. Jasa Teknologi Informasi IBM,Package Consultant - SAP SCM SD & PP,Jakarta Pusat, Apply before 7 Jul,Jakarta,Posted 6 days ago ,6,,2023-05-09,2023-07-30
PT. Indocyber Global Technology,Golang Developer,Jakarta Selatan, Apply before 30 Nov,Jakarta,Posted 12 minutes ago ,12,,2023-05-03,2023-12-30
Asuransi Astra,IT Security Architect,Jakarta Selatan, Apply before 29 Aug,Jakarta,Posted 7 days ago ,7,,2023-05-08,2023-06-11
PT BFI Finance Indonesia Tbk,Asset Management Tele Development Specialist,Tangerang, Apply before 13 Jul,Tangerang,Posted 8 minutes ago ,8,,2023-05-07,2023-06-16
PT Majoo Teknologi Indonesia,Telesales Business Partner,Jakarta Selatan, Apply before 29 Jun,Jakarta,Posted 6 days ago ,6,,2023-05-09,2023-05-21
PT. Jasa Teknologi Informasi IBM,Back End Developer,Jakarta Pusat, Apply before 30 May,Jakarta,Posted 2 months ago ,60,,2023-03-16,2023-05-22
FinAccel,Backend Engineer,Jakarta Pusat, Apply before 30 Dec,Jakarta,Posted 4 months ago ,120,,2023-01-15,2023-06-29
PT Berlian Sistem Informasi,IT Product Management,Jakarta Timur, Apply before 19 Sep,Jakarta,Posted 3 months ago ,90,,2023-02-14,2023-09-19
PT Global Urban Esensial,Growth B2C Lead,Tangerang, Apply before 2 Jul,Tangerang,Posted 11 days ago ,11,,2023-05-04,2023-08-02
Dekoruma,B2B Sales Executive,Jakarta Barat, Apply before 16 May,Jakarta,Posted 2 months ago ,60,,2023-03-16,2023-05-15
Asuransi Astra,IT Security Architect,Jakarta Selatan, Apply before 29 Aug,Jakarta,Posted 7 days ago ,7,,2023-05-08,2023-05-30
FinAccel,Data Analyst (Underwriting),Jakarta Selatan, Apply before 30 Aug,Jakarta,Posted 17 days ago ,17,,2023-04-28,2023-06-29
PT BFI Finance Indonesia Tbk,Asset Management Tele Development Specialist,Tangerang, Apply before 13 Jul,Tangerang,Posted 8 minutes ago ,8,,2023-05-07,2023-05-17
PT Majoo Teknologi Indonesia,Telesales Business Partner,Jakarta Selatan, Apply before 29 Jun,Jakarta,Posted 6 days ago ,6,,2023-05-09,2023-06-29
FinAccel,Backend Engineer,Jakarta Pusat, Apply before 30 Dec,Jakarta,Posted 4 months ago ,120,,2023-01-15,2023-12-30
PT Berlian Sistem Informasi,IT Product Management,Jakarta Timur, Apply before 19 Sep,Jakarta,Posted 3 months ago ,90,,2023-02-14,2023-06-12
PT Panin Dai-Ichi Life (Bancassurance),Bancassurance Officer (Area: DKI Jakarta & Jawa Barat),Jakarta Pusat, Apply before 16 May,Jakarta,Posted 10 days ago ,10,,2023-05-05,2023-05-30
PT Global Urban Esensial,Growth B2C Lead,Tangerang, Apply before 2 Jul,Tangerang,Posted 11 days ago ,11,,2023-05-04,2023-06-30
GITS Indonesia,Sales Manager,Jakarta Selatan, Apply before 20 Sep,Jakarta,Posted 7 days ago ,7,,2023-05-08,2023-06-19
PT Berlian Sistem Informasi,"DevOps, SAP & Data Analyst Bootcamp",Jakarta Timur, Apply before 30 May,Jakarta,Posted 2 months ago ,60,,2023-03-16,2023-05-02
SehatQ,Backend Developer,Jakarta Pusat, Apply before 29 Jun,Jakarta,Posted 12 days ago ,12,,2023-05-03,2023-07-06
PT Bank Central Asia Tbk,Security Operations Center Engineer,Jakarta Pusat, Apply before 11 Dec,Jakarta,Posted 4 months ago ,120,,2023-01-15,2023-06-11
PT BFI Finance Indonesia Tbk,Asset Management Tele Development Specialist,Tangerang, Apply before 13 Jul,Tangerang,Posted 8 minutes ago ,8,,2023-05-07,2023-12-30
Marga Nusantara Jaya,Branch Administration Officer,Jakarta Timur, Apply before 30 Dec,Jakarta,Posted 4 months ago ,120,,2023-01-15,2023-07-07
FinAccel,Product Manager,Jakarta Selatan, Apply before 18 Aug,Jakarta,Posted 3 months ago ,90,,2023-02-14,2023-11-30
PCS Group,Backend Developer,Tangerang, Apply before 29 Aug,Tangerang,Posted 13 days ago ,13,,2023-05-02,2023-08-29
PT BFI Finance Indonesia Tbk,Risk Manager | PinjamModal,Tangerang, Apply before 21 May,Tangerang,Posted 2 months ago ,60,,2023-03-16,2023-07-13
PT Berlian Sistem Informasi,"DevOps, SAP & Data Analyst Bootcamp",Jakarta Timur, Apply before 30 May,Jakarta,Posted 2 months ago ,60,,2023-03-16,2023-06-29
PT Global Urban Esensial,Growth B2C Lead,Tangerang, Apply before 2 Jul,Tangerang,Posted 11 days ago ,11,,2023-05-04,2023-05-30
PT Prodia Widyahusada Tbk. (Prodia),IT Unified Communication Supervisor,Jakarta Pusat, Apply before 18 Jun,Jakarta,Posted 20 days ago ,20,,2023-04-25,2023-12-30
PT BFI Finance Indonesia Tbk,BFI Finance X Arkavidia - Data Engineer,Tangerang, Apply before 30 Dec,Tangerang,Posted 3 months ago ,90,,2023-02-14,2023-09-19
PT BFI Finance Indonesia Tbk,BFI Finance X Arkavidia - Data Architect,Tangerang, Apply before 29 Dec,Tangerang,Posted 3 months ago ,90,,2023-02-14,2023-07-02
SKINTIFIC,Beauty Product Development,Jakarta Selatan, Apply before 2 Aug,Jakarta,Posted 11 days ago ,11,,2023-05-04,2023-06-10
Aleph Labs,Android Developer (Contract Based),Jakarta Selatan, Apply before 9 Jul,Jakarta,Posted 4 days ago ,4,,2023-05-11,2023-06-04
PT BFI Finance Indonesia Tbk,Marketing Syariah - Mojokerto,Mojokerto, Apply before 29 Sep,Mojokerto,Posted 5 days ago ,5,,2023-05-10,2023-10-03
GITS Indonesia,Accounting Staff,Bandung, Apply before 6 Jul,Bandung,Posted 7 days ago ,7,,2023-05-08,2023-05-16
ICDX,Server Engineer,Jakarta Pusat, Apply before 7 Aug,Jakarta,Posted 18 days ago ,18,,2023-04-27,2023-08-29
Nomura Research Institute Indonesia,Data Engineer,Jakarta Pusat, Apply before 14 Jan,Jakarta,Posted 4 months ago ,120,,2023-01-15,2023-08-30
PT Midas Daya Teknologi,IT Application Support,Jakarta Pusat, Apply before 1 Oct,Jakarta,Posted 6 days ago ,6,,2023-05-09,2023-07-13
FinAccel,Data Analyst (Underwriting),Jakarta Selatan, Apply before 30 Aug,Jakarta,Posted 17 days ago ,17,,2023-04-28,2023-06-29
Gluon Consulting Pte. Ltd.,Flutter Mobile | Web Developer,Jakarta Pusat, Apply before 30 Jun,Jakarta,Posted 2 months ago ,60,,2023-03-16,2023-12-30
Dekoruma,B2B Sales Executive,Jakarta Barat, Apply before 16 May,Jakarta,Posted 2 months ago ,60,,2023-03-16,2023-09-19
NTT INDONESIA TECHNOLOGY,Client Success Manager,Jakarta Pusat, Apply before 6 Jul,Jakarta,Posted 4 days ago ,4,,2023-05-11,2023-05-16
Kanmo Group,IT Development Manager,Jakarta Pusat, Apply before 6 Jul,Jakarta,Posted 7 days ago ,7,,2023-05-08,2023-07-02
Manuva (Formerly Tjetak),Brand Manager,Jakarta Pusat, Apply before 10 Jul,Jakarta,Posted 3 days ago ,3,,2023-05-12,2023-09-20
Plaza Auto Group,Customer Relation Coordinator,Jakarta Selatan, Apply before 10 Jul,Jakarta,Posted 3 days ago ,3,,2023-05-12,2023-06-10
Kompas Gramedia,Accounting (Project Based) PT Dyandra Promosindo,Jakarta Pusat, Apply before 30 May,Jakarta,Posted 3 days ago ,3,,2023-05-12,2023-06-04
Home Credit Indonesia,Antifraud Analytics Manager,Jakarta Selatan, Apply before 8 Jul,Jakarta,Posted 5 days ago ,5,,2023-05-10,2023-10-03
Kraft Heinz ABC Indonesia,Area Sales Manager Food Service Bandung,Bandung, Apply before 17 Jun,Bandung,Posted 20 days ago ,20,,2023-04-25,2023-05-30
Astra Financial,API Specialist,Jakarta Pusat, Apply before 30 Jul,Jakarta,Posted 5 days ago ,5,,2023-05-10,2023-06-29
PT Panin Dai-Ichi Life (Bancassurance),Bancassurance Officer (Area: DKI Jakarta & Jawa Barat),Jakarta Pusat, Apply before 16 May,Jakarta,Posted 10 days ago ,10,,2023-05-05,2023-12-11
GITS Indonesia,Sales Manager,Jakarta Selatan, Apply before 20 Sep,Jakarta,Posted 7 days ago ,7,,2023-05-08,2023-07-13
Jaris & K,Account Executive,Jakarta Selatan, Apply before 30 Jun,Jakarta,Posted 13 days ago ,13,,2023-05-02,2023-12-30
Cetta Online Class,Study Abroad Counselor,Jakarta Selatan, Apply before 2 Jul,Jakarta,Posted 11 days ago ,11,,2023-05-04,2023-08-18
FinAccel,Senior Database Administrator,Jakarta Selatan, Apply before 29 Jun,Jakarta,Posted 5 days ago ,5,,2023-05-10,2023-08-29
MileApp,Account Executive,Jakarta Barat, Apply before 20 May,Jakarta,Posted 2 months ago ,60,,2023-03-16,2023-05-21
PGI Data,System Administrator,Jakarta Pusat, Apply before 9 Jul,Jakarta,Posted 4 days ago ,4,,2023-05-11,2023-05-19
Gear Inc,Senior Accountant,Surabaya, Apply before 23 May,Surabaya,Posted 20 days ago ,20,,2023-04-25,2023-06-10
Mitra Solusi Infokom,Presales SSA,Jakarta Barat, Apply before 29 May,Jakarta,Posted 5 days ago ,5,,2023-05-10,2023-05-30
Astra Credit Companies (ACC),Credit Analyst (Retail Underwriter Officer),Yogyakarta, Apply before 30 Dec,Yogyakarta,Posted 2 months ago ,60,,2023-03-16,2023-07-02
VLink Inc,Data Engineer,Jakarta Selatan, Apply before 25 Apr,Jakarta,Posted 19 days ago ,19,,2023-04-26,2023-06-04
PT Bank Central Asia Tbk,IT Asset Management Staff,Jakarta Pusat, Apply before 30 Dec,Jakarta,Posted 2 months ago ,60,,2023-03-16,2023-10-03
Astra Financial,Growth Campaign,Jakarta Selatan, Apply before 25 May,Jakarta,Posted 2 months ago ,60,,2023-03-16,2023-07-09
Mitra Solusi Infokom,Presales SSA,Jakarta Barat, Apply before 29 May,Jakarta,Posted 5 days ago ,5,,2023-05-10,2023-05-29
Manuva (Formerly Tjetak),Brand Manager,Jakarta Pusat, Apply before 10 Jul,Jakarta,Posted 3 days ago ,3,,2023-05-12,2023-05-22
KST,Software Quality Assurance (QA),Jakarta Selatan, Apply before 11 Nov,Jakarta,Posted 7 days ago ,7,,2023-05-08,2023-05-28
Plaza Auto Group,Customer Relation Coordinator,Jakarta Selatan, Apply before 10 Jul,Jakarta,Posted 3 days ago ,3,,2023-05-12,2023-06-18
Kompas Gramedia,Accounting (Project Based) PT Dyandra Promosindo,Jakarta Pusat, Apply before 30 May,Jakarta,Posted 3 days ago ,3,,2023-05-12,2023-12-30
PT BFI Finance Indonesia Tbk,Data Engineer,Tangerang, Apply before 25 Apr,Tangerang,Posted 18 days ago ,18,,2023-04-27,2023-12-29
Home Credit Indonesia,Antifraud Analytics Manager,Jakarta Selatan, Apply before 8 Jul,Jakarta,Posted 5 days ago ,5,,2023-05-10,2023-06-15
Algoritma,Corporate Development Intern,Jakarta Pusat, Apply before 29 Jun,Jakarta,Posted 7 days ago ,7,,2023-05-08,2023-12-30
Home Credit Indonesia,Data Governance Manager,Jakarta Selatan, Apply before 8 Jul,Jakarta,Posted 5 days ago ,5,,2023-05-10,2023-08-02
Gear Inc,Moderation Trainers,Denpasar, Apply before 27 May,Denpasar,Posted 3 days ago ,3,,2023-05-12,2023-07-29
PT Bank Central Asia Tbk,IT Asset Management Staff,Jakarta Pusat, Apply before 30 Dec,Jakarta,Posted 2 months ago ,60,,2023-03-16,2023-06-12
PT Bank Central Asia Tbk,Program Staf Pendukung Operasi (PSPO),Jakarta Pusat, Apply before 11 Dec,Jakarta,Posted 6 days ago ,6,,2023-05-09,2023-07-09
Astra Financial,Growth Campaign,Jakarta Selatan, Apply before 25 May,Jakarta,Posted 2 months ago ,60,,2023-03-16,2023-09-29
Schoters,Data Analyst,Jakarta Selatan, Apply before 3 Jul,Jakarta,Posted 6 days ago ,6,,2023-05-09,2023-07-06
MileApp,Account Executive,Jakarta Barat, Apply before 20 May,Jakarta,Posted 2 months ago ,60,,2023-03-16,2023-07-10
VLink Inc,Data Engineer,Jakarta Selatan, Apply before 25 Apr,Jakarta,Posted 19 days ago ,19,,2023-04-26,2023-08-07
Astra Credit Companies (ACC),Credit Analyst (Retail Underwriter Officer),Yogyakarta, Apply before 30 Dec,Yogyakarta,Posted 2 months ago ,60,,2023-03-16,2023-01-14
PT IDStar Cipta Teknologi,ETL Developer,Jakarta Selatan, Apply before 29 May,Jakarta,Posted 2 months ago ,60,,2023-03-16,2023-10-01
Kalibrr,Data Scientist,Jakarta Selatan, Apply before 9 May,Jakarta,Posted 5 days ago ,5,,2023-05-10,2023-11-24
PT Bank Central Asia Tbk,Data Analyst,Jakarta Pusat, Apply before 12 Dec,Jakarta,Posted 3 months ago ,90,,2023-02-14,2023-08-30
PT BFI Finance Indonesia Tbk,Management Trainee Dealer Financing - Bali,Denpasar, Apply before 4 Jun,Denpasar,Posted 4 days ago ,4,,2023-05-11,2023-06-30
paper.id,Senior Data Analyst,Jakarta Utara, Apply before 30 May,Jakarta,Posted 2 months ago ,60,,2023-03-16,2023-05-16
PT Global Urban Esensial,Illustrator,Tangerang, Apply before 29 Jun,Tangerang,Posted 5 days ago ,5,,2023-05-10,2023-07-06
PT BFI Finance Indonesia Tbk,Management Trainee Dealer Financing - Bali,Denpasar, Apply before 4 Jun,Denpasar,Posted 4 days ago ,4,,2023-05-11,2023-07-06
PT Mobilitas Digital Indonesia,B2B Commercial Sales Account,Jakarta Timur, Apply before 4 Jun,Jakarta,Posted 10 days ago ,10,,2023-05-05,2023-07-10
PT Fajar Gelora Inti,Finance Manager,Jakarta Pusat, Apply before 14 Jun,Jakarta,Posted 2 days ago ,2,,2023-05-13,2023-07-10
Perqara,iOS Developer,Jakarta Selatan, Apply before 29 Jul,Jakarta,Posted 12 days ago ,12,,2023-05-03,2023-05-30
PhinCon,iOS Developer,Jakarta Selatan, Apply before 9 Jun,Jakarta,Posted 5 days ago ,5,,2023-05-10,2023-07-08
MileApp,Data Scientist,Jakarta Barat, Apply before 30 Jul,Jakarta,Posted 6 days ago ,6,,2023-05-09,2023-06-17
PT BFI Finance Indonesia Tbk,Data Analytic Specialist ETL,Tangerang, Apply before 4 Jun,Tangerang,Posted 7 days ago ,7,,2023-05-08,2023-07-30
PGI Data,Odoo Developer,Jakarta Pusat, Apply before 29 Jun,Jakarta,Posted 11 days ago ,11,,2023-05-04,2023-05-16
Astra Financial,Data Quality Analyst,Jakarta Pusat, Apply before 1 Jul,Jakarta,Posted 13 days ago ,13,,2023-05-02,2023-09-20
PT Adicipta Inovasi Teknologi,Data Analytics Manager,Jakarta Barat, Apply before 30 May,Jakarta,Posted 12 days ago ,12,,2023-05-03,2023-05-30
Mobius Digital,DevOps and Data Engineer,Tangerang, Apply before 25 Aug,Tangerang,Posted 10 days ago ,10,,2023-05-05,2023-06-30
PGI Data,.Net Developer,Jakarta Pusat, Apply before 19 May,Jakarta,Posted 7 days ago ,7,,2023-05-08,2023-05-30
IDN Media,Senior Digital Strategy Associate (Production House),Jakarta Pusat, Apply before 19 May,Jakarta,Posted a month ago ,30,Yes,2023-04-15,2023-07-02
PT Adi Data Informatika,IOS & Android Developer,Jakarta Barat, Apply before 10 Jun,Jakarta,Posted a month ago ,30,Yes,2023-04-15,2023-06-29
Investree,Data Scientist,Jakarta Pusat, Apply before 30 May,Jakarta,Posted a month ago ,30,Yes,2023-04-15,2023-12-08
Yayasan Konservasi Alam Nusantara,Project Management System Specialist,Jakarta Selatan, Apply before 30 May,Jakarta,Posted an hour ago ,30,Yes,2023-04-15,2023-05-20
Investree,Data Scientist,Jakarta Pusat, Apply before 30 May,Jakarta,Posted a month ago ,30,Yes,2023-04-15,2023-07-09
Yayasan Konservasi Alam Nusantara,Project Management System Specialist,Jakarta Selatan, Apply before 30 May,Jakarta,Posted an hour ago ,30,Yes,2023-04-15,2023-05-23
MITech,.NET Developer,Jakarta Pusat, Apply before 7 Dec,Jakarta,Posted a month ago ,30,Yes,2023-04-15,2023-05-29
PT. Jasa Teknologi Informasi IBM,Big Data Administrator,Jakarta Pusat, Apply before 9 Aug,Jakarta,Posted a month ago ,30,Yes,2023-04-15,2023-12-30
Dekoruma,Business Development Internship (Thudio),Jakarta Barat, Apply before 1 Jun,Jakarta,Posted a month ago ,30,Yes,2023-04-15,2023-07-09
PT BFI Finance Indonesia Tbk,IT Auditor Specialist,Tangerang, Apply before 15 Dec,Tangerang,Posted a month ago ,30,Yes,2023-04-15,2023-04-25
PT BCA Finance,Business Analyst (Digital Process Automation),Jakarta Selatan, Apply before 30 May,Jakarta,Posted a month ago ,30,Yes,2023-04-15,2023-12-30
Dekoruma,Business Development Internship (Thudio),Jakarta Barat, Apply before 1 Jun,Jakarta,Posted a month ago ,30,Yes,2023-04-15,2023-05-25
PT BFI Finance Indonesia Tbk,IT Auditor Specialist,Tangerang, Apply before 15 Dec,Tangerang,Posted a month ago ,30,Yes,2023-04-15,2023-05-29
PT BFI Finance Indonesia Tbk,Lead Data Engineer,Tangerang, Apply before 11 Jun,Tangerang,Posted a month ago ,30,Yes,2023-04-15,2023-07-10
PT BFI Finance Indonesia Tbk,Customer Service - Branch Tasikmalaya,Tangerang, Apply before 11 Jun,Tangerang,Posted a month ago ,30,Yes,2023-04-15,2023-11-11
PT BCA Finance,Business Analyst (Digital Process Automation),Jakarta Selatan, Apply before 30 May,Jakarta,Posted a month ago ,30,Yes,2023-04-15,2023-07-10
paper.id,System Analyst,Jakarta Utara, Apply before 8 Jun,Jakarta,Posted a month ago ,30,Yes,2023-04-15,2023-05-30
PT. Indocyber Global Technology,IT Quality Assurance Automation - Pakuwon Tower Recruitment Center IGLO,Jakarta Selatan, Apply before 30 Dec,Jakarta,Posted a month ago ,30,Yes,2023-04-15,2023-04-25
Kompas Gramedia,Data Analyst - KG Media,Jakarta Barat, Apply before 11 Jun,Jakarta,Posted a month ago ,30,Yes,2023-04-15,2023-07-08
"DOKU, PT NUSA SATU INTI ARTHA",Treasury Manager,Jakarta Selatan, Apply before 16 Jun,Jakarta,Posted a month ago ,30,Yes,2023-04-15,2023-06-29
Asuransi Astra,IT Business Information,Jakarta Selatan, Apply before 22 May,Jakarta,Posted a month ago ,30,Yes,2023-04-15,2023-07-08
Hana Bank,Data Engineer Lead,Jakarta Selatan, Apply before 29 Jun,Jakarta,Posted a month ago ,30,Yes,2023-04-15,2023-05-27
PT BFI Finance Indonesia Tbk,Customer Research,Tangerang, Apply before 12 Jun,Tangerang,Posted a month ago ,30,Yes,2023-04-15,2023-12-30
Cyber Future Forex,Telemarketer,Jakarta Pusat, Apply before 10 Jun,Jakarta,Posted a month ago ,30,Yes,2023-04-15,2023-12-11
PT Mobilitas Digital Indonesia,Business Account Manager,Jakarta Timur, Apply before 4 Jun,Jakarta,Posted a month ago ,30,Yes,2023-04-15,2023-05-25
Dekoruma,B2B Sales Manager,Jakarta Barat, Apply before 3 Oct,Jakarta,Posted a month ago ,30,Yes,2023-04-15,2023-12-16
Cyber Future Forex,Telemarketer,Jakarta Pusat, Apply before 10 Jun,Jakarta,Posted a month ago ,30,Yes,2023-04-15,2023-07-03
PT Mobilitas Digital Indonesia,Business Account Manager,Jakarta Timur, Apply before 4 Jun,Jakarta,Posted a month ago ,30,Yes,2023-04-15,2023-05-20
Dekoruma,B2B Sales Manager,Jakarta Barat, Apply before 3 Oct,Jakarta,Posted a month ago ,30,Yes,2023-04-15,2023-04-25
TOMP'S,Business Development,Jakarta Selatan, Apply before 19 May,Jakarta,Posted a month ago ,30,Yes,2023-04-15,2023-12-30
Cyber Future Forex,Telemarketer,Jakarta Pusat, Apply before 10 Jun,Jakarta,Posted a month ago ,30,Yes,2023-04-15,2023-05-30
PT Mobilitas Digital Indonesia,Business Account Manager,Jakarta Timur, Apply before 4 Jun,Jakarta,Posted a month ago ,30,Yes,2023-04-15,2023-06-11
Dekoruma,B2B Sales Manager,Jakarta Barat, Apply before 3 Oct,Jakarta,Posted a month ago ,30,Yes,2023-04-15,2023-05-29
PT BCA Finance,Professional Development Program - Technology,Jakarta Selatan, Apply before 9 Jul,Jakarta,Posted a month ago ,30,Yes,2023-04-15,2023-05-30
PT BFI Finance Indonesia Tbk,Central Leader,Tangerang, Apply before 29 May,Tangerang,Posted a month ago ,30,Yes,2023-04-15,2023-05-09
Astra Financial,Credit & Industry Specialist,Jakarta Pusat, Apply before 22 May,Jakarta,Posted a month ago ,30,Yes,2023-04-15,2023-07-10
PT BFI Finance Indonesia Tbk,Operational QA Data Analyst,Tangerang, Apply before 28 May,Tangerang,Posted a month ago ,30,Yes,2023-04-15,2023-12-12
PT BFI Finance Indonesia Tbk,Centro Data Video Editing Staff,Tangerang, Apply before 15 Jun,Tangerang,Posted a month ago ,30,Yes,2023-04-15,2023-07-10
PT Bank Central Asia Tbk,BCA Development Program IT (BDP IT),Jakarta Pusat, Apply before 30 Dec,Jakarta,Posted a month ago ,30,Yes,2023-04-15,2023-06-04
Cyber Future Forex,Business Consultant - Penempatan Jakarta Selatan,Jakarta Selatan, Apply before 29 Jul,Jakarta,Posted a month ago ,30,Yes,2023-04-15,2023-07-30
PT. Jasa Teknologi Informasi IBM,SAP SD Support,Jakarta Pusat, Apply before 12 Jun,Jakarta,Posted a month ago ,30,Yes,2023-04-15,2023-06-29
PT 8 Elements,Account Manager,Jakarta Barat, Apply before 10 Jul,Jakarta,Posted an hour ago ,30,Yes,2023-04-15,2023-05-30
PT Bank Central Asia Tbk,Network Engineer,Jakarta Pusat, Apply before 24 Nov,Jakarta,Posted a month ago ,30,Yes,2023-04-15,2023-06-29
Wistkey Technologies Limited / MamaHelpers,Software Developer,Jakarta Pusat, Apply before 30 May,Jakarta,Posted a month ago ,30,Yes,2023-04-15,2023-06-04
PhinCon,Android Developer,Jakarta Selatan, Apply before 30 May,Jakarta,Posted a month ago ,30,Yes,2023-04-15,2023-06-04
PT Bank Central Asia Tbk,Database Engineer,Jakarta Pusat, Apply before 8 Dec,Jakarta,Posted a month ago ,30,Yes,2023-04-15,2023-06-29
PT BCA Finance,Professional Development Program - Technology,Jakarta Selatan, Apply before 9 Jul,Jakarta,Posted a month ago ,30,Yes,2023-04-15,2023-06-14
"PT Bank OCBC NISP, Tbk",IT Management Officer,Tangerang, Apply before 16 Dec,Tangerang,Posted an hour ago ,30,Yes,2023-04-15,2023-07-29
PT. Royal Trust,Data Entry,Jakarta Selatan, Apply before 30 May,Jakarta,Posted a month ago ,30,Yes,2023-04-15,2023-06-09
PT Majoo Teknologi Indonesia,Key Account Jr. Executive,Jakarta Selatan, Apply before 11 Jun,Jakarta,Posted a month ago ,30,Yes,2023-04-15,2023-05-30
Algoritma,Business Intelligence Instructor,Jakarta Pusat, Apply before 30 May,Jakarta,Posted a month ago ,30,Yes,2023-04-15,2023-07-30
Cyber Future Forex,Business Consultant,Jakarta Utara, Apply before 10 Jul,Jakarta,Posted a month ago ,30,Yes,2023-04-15,2023-06-04
Nusantics,Inventory Analyst (Contract Based),Jakarta Timur, Apply before 10 Jul,Jakarta,Posted an hour ago ,30,Yes,2023-04-15,2023-06-29
PT Global Urban Esensial,Backend Developer,Tangerang, Apply before 30 Jul,Tangerang,Posted a month ago ,30,Yes,2023-04-15,2023-07-01
Dekoruma,Online Sales Advisor (Interior),Jakarta Barat, Apply before 29 Jun,Jakarta,Posted an hour ago ,30,Yes,2023-04-15,2023-05-30
Dekoruma,Online Sales Advisor (Interior),Jakarta Barat, Apply before 29 Jun,Jakarta,Posted an hour ago ,30,Yes,2023-04-15,2023-08-25
paper.id,Senior Data Engineer,Jakarta Utara, Apply before 30 May,Jakarta,Posted a month ago ,30,Yes,2023-04-15,2023-05-19
