Company,Job Title,location,period,period_posted,PostedDay,value_is_NaN,PostedDate
PGI Data,.Net Developer,Jakarta, Apply before 19 May,Posted 4 days ago ,4,,2023-05-08
PT Adicipta Inovasi Teknologi,Data Analytics Manager,West Jakarta, Apply before 30 May,Posted 9 days ago ,9,,2023-05-03
Mobius Digital,DevOps and Data Engineer,South Tangerang, Apply before 25 Aug,Posted 7 days ago ,7,,2023-05-05
PT BFI Finance Indonesia Tbk,Data Analytic Specialist ETL,Tangerang, Apply before 4 Jun,Posted 4 days ago ,4,,2023-05-08
Astra Financial,Data Quality Analyst,Central Jakarta, Apply before 1 Jul,Posted 10 days ago ,10,,2023-05-02
MileApp,Data Scientist,West Jakarta, Apply before 30 Jul,Posted 2 days ago ,2,,2023-05-10
PGI Data,Odoo Developer,Jakarta, Apply before 29 Jun,Posted 8 days ago ,8,,2023-05-04
Kalibrr,Data Scientist,South Jakarta, Apply before 9 May,Posted 2 days ago ,2,,2023-05-10
Magna Solusi Indonesia,Business Intelligence Developer,South Jakarta, Apply before 1 Jul,Posted 7 days ago ,7,,2023-05-05
PT Global Urban Esensial,Illustrator,South Tangerang, Apply before 29 Jun,Posted 2 days ago ,2,,2023-05-10
Astra Credit Companies (ACC),Auditor,South Jakarta, Apply before 30 Jul,Posted 12 hours ago ,12,,2023-04-30
PhinCon,iOS Developer,South Jakarta, Apply before 9 Jun,Posted 2 days ago ,2,,2023-05-10
Perqara,iOS Developer,South Jakarta, Apply before 29 Jul,Posted 9 days ago ,9,,2023-05-03
paper.id,Senior Data Analyst,North Jakarta, Apply before 30 May,Posted 2 months ago ,60,,2023-03-13
PT Mobilitas Digital Indonesia,B2B Commercial Sales Account,East Jakarta, Apply before 4 Jun,Posted 7 days ago ,7,,2023-05-05
Kalibrr,Data Scientist,South Jakarta, Apply before 9 May,Posted 2 days ago ,2,,2023-05-10
PGI Data,System Administrator,Jakarta, Apply before 9 Jul,Posted 17 hours ago ,17,,2023-04-25
Astra Credit Companies (ACC),Credit Analyst (Retail Underwriter Officer),Yogyakarta, Apply before 30 Dec,Posted 2 months ago ,60,,2023-03-13
VLink Inc,Data Engineer,South Jakarta, Apply before 25 Apr,Posted 16 days ago ,16,,2023-04-26
MileApp,Account Executive,West Jakarta, Apply before 20 May,Posted 2 months ago ,60,,2023-03-13
Schoters,Data Analyst,South Jakarta, Apply before 3 Jul,Posted 3 days ago ,3,,2023-05-09
Schoters,Data Analyst,South Jakarta, Apply before 3 Jul,Posted 3 days ago ,3,,2023-05-09
Algoritma,Education Consultant Intern,South Jakarta, Apply before 29 Jun,Posted 4 days ago ,4,,2023-05-08
OGYA,Oracle DBA,Jakarta, Apply before 30 Jul,Posted 10 days ago ,10,,2023-05-02
Gear Inc,Senior Accountant,Surabaya, Apply before 23 May,Posted 16 days ago ,16,,2023-04-26
KST,Software Quality Assurance (QA),South Jakarta, Apply before 11 Nov,Posted 4 days ago ,4,,2023-05-08
Astra Credit Companies (ACC),Credit Analyst (Retail Underwriter Officer),Yogyakarta, Apply before 30 Dec,Posted 2 months ago ,60,,2023-03-13
Mitra Solusi Infokom,Presales SSA,West Jakarta, Apply before 29 May,Posted 2 days ago ,2,,2023-05-10
VLink Inc,Data Engineer,South Jakarta, Apply before 25 Apr,Posted 16 days ago ,16,,2023-04-26
MileApp,Account Executive,West Jakarta, Apply before 20 May,Posted 2 months ago ,60,,2023-03-13
PT Bank Central Asia Tbk,Database Engineer,Central Jakarta, Apply before 8 Dec,Posted 23 days ago ,23,,2023-04-19
PT Bumi Amartha Teknologi Mandiri,Technical Writer,South Jakarta, Apply before 9 Jul,Posted 11 hours ago ,11,,2023-05-01
Nomura Research Institute Indonesia,Data Engineer,Central Jakarta, Apply before 14 Jan,Posted 4 months ago ,120,,2023-01-12
PT BFI Finance Indonesia Tbk,Centro Data Video Editing Staff,Tangerang, Apply before 15 Jun,Posted 25 days ago ,25,,2023-04-17
PT Bank Central Asia Tbk,Database Engineer,Central Jakarta, Apply before 8 Dec,Posted 23 days ago ,23,,2023-04-19
PT Prodia Widyahusada Tbk. (Prodia),IT Microservices Architecture,Central Jakarta, Apply before 29 Jun,Posted 4 days ago ,4,,2023-05-08
Jaris & K,Account Executive,South Jakarta, Apply before 30 Jun,Posted 10 days ago ,10,,2023-05-02
PT Prodia Widyahusada Tbk. (Prodia),IT Unified Communication Supervisor,Central Jakarta, Apply before 18 Jun,Posted 16 days ago ,16,,2023-04-26
Astra Financial,API Specialist,Central Jakarta, Apply before 30 Jul,Posted 2 days ago ,2,,2023-05-10
Kraft Heinz ABC Indonesia,Area Sales Manager Food Service Bandung,Bandung, Apply before 17 Jun,Posted 16 days ago ,16,,2023-04-26
PT BFI Finance Indonesia Tbk,BFI Finance X Arkavidia - Data Architect,Tangerang, Apply before 29 Dec,Posted 3 months ago ,90,,2023-02-11
PT BFI Finance Indonesia Tbk,BFI Finance X Arkavidia - Data Engineer,Tangerang, Apply before 30 Dec,Posted 3 months ago ,90,,2023-02-11
Algoritma,Corporate Development Intern,Jakarta, Apply before 29 Jun,Posted 4 days ago ,4,,2023-05-08
Algoritma,Operations Intern,South Jakarta, Apply before 29 Jun,Posted 4 days ago ,4,,2023-05-08
PT Prodia Widyahusada Tbk. (Prodia),IT - System & Cloud Administrator,Central Jakarta, Apply before 30 Aug,Posted 4 days ago ,4,,2023-05-08
Kitabisa,Senior Business Intelligence Analyst,South Jakarta, Apply before 31 May,Posted 7 days ago ,7,,2023-05-05
Intrepid Group Asia,Key Account Manager,South Jakarta, Apply before 29 Jun,Posted 2 days ago ,2,,2023-05-10
SKINTIFIC,Brand Marketing,South Jakarta, Apply before 30 May,Posted 2 months ago ,60,,2023-03-13
ICDX,Server Engineer,Central Jakarta, Apply before 7 Aug,Posted 15 days ago ,15,,2023-04-27
FinAccel,Product Analyst,West Jakarta, Apply before 2 Jun,Posted 9 days ago ,9,,2023-05-03
Algoritma,Education Consultant Intern,South Jakarta, Apply before 29 Jun,Posted 4 days ago ,4,,2023-05-08
GITS Indonesia,Accounting Staff,Bandung, Apply before 6 Jul,Posted 4 days ago ,4,,2023-05-08
PT BFI Finance Indonesia Tbk,Marketing Syariah - Mojokerto,Mojokerto, Apply before 29 Sep,Posted 2 days ago ,2,,2023-05-10
Aleph Labs,Android Developer (Contract Based),South Jakarta, Apply before 9 Jul,Posted 14 hours ago ,14,,2023-04-28
AdaPundi,Risk Control Assistant (Mandarin Speaker),South Jakarta, Apply before 15 Jun,Posted 24 days ago ,24,,2023-04-18
Intrepid Group Asia,Key Account Manager,South Jakarta, Apply before 29 Jun,Posted 2 days ago ,2,,2023-05-10
SKINTIFIC,Brand Marketing,South Jakarta, Apply before 30 May,Posted 2 months ago ,60,,2023-03-13
ICDX,Server Engineer,Central Jakarta, Apply before 7 Aug,Posted 15 days ago ,15,,2023-04-27
PT Alam Sutera Realty Tbk,"Finance Accounting Staff (Pasar Kemis, Kab. Tangerang)",Tangerang, Apply before 2 Jul,Posted 8 days ago ,8,,2023-05-04
FinAccel,Product Analyst,West Jakarta, Apply before 2 Jun,Posted 9 days ago ,9,,2023-05-03
PCS Group,IT: Android Developer,South Tangerang, Apply before 30 May,Posted 2 months ago ,60,,2023-03-13
Intrepid Group Asia,Key Account Manager,South Jakarta, Apply before 29 Jun,Posted 2 days ago ,2,,2023-05-10
FinAccel,Product Manager,South Jakarta, Apply before 18 Aug,Posted 3 months ago ,90,,2023-02-11
SKINTIFIC,Brand Marketing,South Jakarta, Apply before 30 May,Posted 2 months ago ,60,,2023-03-13
paper.id,Senior Content Writer,North Jakarta, Apply before 29 Jun,Posted 10 days ago ,10,,2023-05-02
FinAccel,Product Analyst,West Jakarta, Apply before 2 Jun,Posted 9 days ago ,9,,2023-05-03
PT BFI Finance Indonesia Tbk,Field Asset Management - Sumbawa,Sumbawa, Apply before 30 May,Posted 16 days ago ,16,,2023-04-26
PT BFI Finance Indonesia Tbk,Central Leader,Tangerang, Apply before 29 May,Posted 24 days ago ,24,,2023-04-18
Intrepid Group Asia,Head of Finance,Jakarta, Apply before 6 Jul,Posted 2 days ago ,2,,2023-05-10
Yayasan Konservasi Alam Nusantara,Project Management System Specialist,South Jakarta, Apply before 30 May,Posted 20 hours ago ,20,,2023-04-22
FinAccel,Senior Database Administrator,South Jakarta, Apply before 29 Jun,Posted 2 days ago ,2,,2023-05-10
Investree,UX Researcher,Jakarta, Apply before 9 Nov,Posted 9 days ago ,9,,2023-05-03
FinAccel,Fullstack Engineer,Central Jakarta, Apply before 30 Dec,Posted 4 months ago ,120,,2023-01-12
paper.id,Senior Content Writer,North Jakarta, Apply before 29 Jun,Posted 10 days ago ,10,,2023-05-02
GITS Indonesia,Sales Manager,South Jakarta, Apply before 20 Sep,Posted 4 days ago ,4,,2023-05-08
PT Panin Dai-Ichi Life (Bancassurance),Bancassurance Officer (Area: DKI Jakarta & Jawa Barat),Central Jakarta, Apply before 16 May,Posted 7 days ago ,7,,2023-05-05
PT Lyrid Teknologi Nusantara,Sales Operations Specialist,North Jakarta, Apply before 2 May,Posted 9 days ago ,9,,2023-05-03
PT InfraCom Technology,IT Treasury Business Analyst,Central Jakarta, Apply before 19 Jun,Posted 16 days ago ,16,,2023-04-26
OY! Indonesia,AML (Anti Money Laundering) Staff,South Jakarta, Apply before 30 Jun,Posted 10 days ago ,10,,2023-05-02
Gluon Consulting Pte. Ltd.,Flutter Mobile | Web Developer,Central Jakarta, Apply before 30 Jun,Posted 2 months ago ,60,,2023-03-13
FinAccel,Data Analyst (Underwriting),South Jakarta, Apply before 30 Aug,Posted 14 days ago ,14,,2023-04-28
Dans Multi Pro,Account Manager,South Jakarta, Apply before 6 Jul,Posted 3 days ago ,3,,2023-05-09
Intrepid Group Asia,Head of Finance,Jakarta, Apply before 6 Jul,Posted 2 days ago ,2,,2023-05-10
Yayasan Konservasi Alam Nusantara,Project Management System Specialist,South Jakarta, Apply before 30 May,Posted 20 hours ago ,20,,2023-04-22
paper.id,Associate Product Manager (Jakarta and Malang),North Jakarta, Apply before 29 Jun,Posted 15 days ago ,15,,2023-04-27
Investree,UX Researcher,Jakarta, Apply before 9 Nov,Posted 9 days ago ,9,,2023-05-03
FinAccel,Fullstack Engineer,Central Jakarta, Apply before 30 Dec,Posted 4 months ago ,120,,2023-01-12
PT Bank Central Asia Tbk,IT Asset Management Staff,Central Jakarta, Apply before 30 Dec,Posted 2 months ago ,60,,2023-03-13
GITS Indonesia,Accounting Staff,Bandung, Apply before 6 Jul,Posted 4 days ago ,4,,2023-05-08
PT BFI Finance Indonesia Tbk,Marketing Syariah - Mojokerto,Mojokerto, Apply before 29 Sep,Posted 2 days ago ,2,,2023-05-10
Aleph Labs,Android Developer (Contract Based),South Jakarta, Apply before 9 Jul,Posted 14 hours ago ,14,,2023-04-28
AdaPundi,Risk Control Assistant (Mandarin Speaker),South Jakarta, Apply before 15 Jun,Posted 24 days ago ,24,,2023-04-18
PT InfraCom Technology,IT Treasury Business Analyst,Central Jakarta, Apply before 19 Jun,Posted 16 days ago ,16,,2023-04-26
Hana Bank,Data Engineer Lead,South Jakarta, Apply before 29 Jun,Posted 24 days ago ,24,,2023-04-18
PT BFI Finance Indonesia Tbk,Business Analyst for Management Internship,Tangerang, Apply before 30 May,Posted 15 days ago ,15,,2023-04-27
Rakamin Academy,Data Analyst,South Jakarta, Apply before 2 Aug,Posted 7 days ago ,7,,2023-05-05
PT BFI Finance Indonesia Tbk,Product Development Specialist | PinjamModal,Tangerang, Apply before 15 May,Posted 2 months ago ,60,,2023-03-13
PT Berlian Sistem Informasi,IT Product Management,East Jakarta, Apply before 19 Sep,Posted 3 months ago ,90,,2023-02-11
PT Bank Central Asia Tbk,IT Asset Management Staff,Central Jakarta, Apply before 30 Dec,Posted 2 months ago ,60,,2023-03-13
Asuransi Astra,IT Security Architect,South Jakarta, Apply before 29 Aug,Posted 4 days ago ,4,,2023-05-08
PT Bank Central Asia Tbk,Program Staf Pendukung Operasi (PSPO),Central Jakarta, Apply before 11 Dec,Posted 3 days ago ,3,,2023-05-09
PT Panin Dai-Ichi Life (Bancassurance),"Bancassurance Oficer (Area: Pluit, Cengkareng, Bekasi, Karawang, Cikarang)",North Jakarta, Apply before 3 Jul,Posted 7 days ago ,7,,2023-05-05
paper.id,Associate Product Manager (Jakarta and Malang),North Jakarta, Apply before 29 Jun,Posted 15 days ago ,15,,2023-04-27
Jaris & K,IT Support,South Jakarta, Apply before 7 Jul,Posted 2 days ago ,2,,2023-05-10
paper.id,DevOps Engineer (Jakarta and Malang),North Jakarta, Apply before 29 Jun,Posted 8 days ago ,8,,2023-05-04
TaxPrime,Back-End Java Developer,South Jakarta, Apply before 28 May,Posted 2 days ago ,2,,2023-05-10
Jaris & K,IT Support,South Jakarta, Apply before 7 Jul,Posted 2 days ago ,2,,2023-05-10
TaxPrime,Back-End Java Developer,South Jakarta, Apply before 28 May,Posted 2 days ago ,2,,2023-05-10
paper.id,DevOps Engineer (Jakarta and Malang),North Jakarta, Apply before 29 Jun,Posted 8 days ago ,8,,2023-05-04
PT Mastersystem Infotama,Network Engineer,Central Jakarta, Apply before 29 Jun,Posted 9 days ago ,9,,2023-05-03
PT Panin Dai-Ichi Life (Bancassurance),"Bancassurance Officer (Area: Bali, Mataram, Surabaya, Kendari, Solo, Manado, Palembang)",Surabaya, Apply before 14 May,Posted 8 days ago ,8,,2023-05-04
PT Bank Mandiri Taspen,Information & Technology (IT) Security,Jakarta, Apply before 25 May,Posted 19 hours ago ,19,,2023-04-23
PT BFI Finance Indonesia Tbk,Database Analytic & Utilization,Tangerang, Apply before 26 Jun,Posted 14 days ago ,14,,2023-04-28
FinAccel,QA Engineer (Mobile),South Jakarta, Apply before 27 Dec,Posted 2 months ago ,60,,2023-03-13
PT. Sinar Mitra Sepadan Finance (SMSFinance),HR Industrial Relation Specialist,South Jakarta, Apply before 2 Jul,Posted 3 days ago ,3,,2023-05-09
PT. Jasa Teknologi Informasi IBM,Back End Developer,Central Jakarta, Apply before 30 May,Posted 2 months ago ,60,,2023-03-13
paper.id,Tech Lead (Jakarta and Malang),North Jakarta, Apply before 29 Jun,Posted 10 days ago ,10,,2023-05-02
Hana Bank,Data Analyst,South Jakarta, Apply before 16 Jun,Posted 24 days ago ,24,,2023-04-18
Kraft Heinz ABC Indonesia,Customer Development Leader - Food Service (CDL FS) Jakarta,South Jakarta, Apply before 17 May,Posted 2 months ago ,60,,2023-03-13
PT Mastersystem Infotama,Technical Solution Developer,Central Jakarta, Apply before 21 May,Posted 15 days ago ,15,,2023-04-27
PT BFI Finance Indonesia Tbk,Product Development Specialist | PinjamModal,Tangerang, Apply before 15 May,Posted 2 months ago ,60,,2023-03-13
PT BFI Finance Indonesia Tbk,IT Auditor Specialist,Tangerang, Apply before 15 Dec,Posted 24 days ago ,24,,2023-04-18
FinAccel,Data Analyst (Business Development),South Jakarta, Apply before 30 Jul,Posted 4 days ago ,4,,2023-05-08
PT Panin Dai-Ichi Life (Bancassurance),"Bancassurance Officer (Area: Sulawesi, Bali & Papua)",Makassar, Apply before 14 May,Posted 8 days ago ,8,,2023-05-04
PT Bank Central Asia Tbk,Network Engineer (Bahasa Mandarin),Central Jakarta, Apply before 24 Dec,Posted 2 months ago ,60,,2023-03-13
paper.id,Product Manager (Jakarta and Malang),North Jakarta, Apply before 26 Oct,Posted 16 days ago ,16,,2023-04-26
Compas.co.id,Account Executive,Central Jakarta, Apply before 29 Jul,Posted 10 days ago ,10,,2023-05-02
PT Bank Central Asia Tbk,Security Operations Center Engineer,Central Jakarta, Apply before 11 Dec,Posted 4 months ago ,120,,2023-01-12
FinAccel,Data Analyst (Business Development),South Jakarta, Apply before 30 Jul,Posted 4 days ago ,4,,2023-05-08
PT Panin Dai-Ichi Life (Bancassurance),"Bancassurance Officer (Area: Sulawesi, Bali & Papua)",Makassar, Apply before 14 May,Posted 8 days ago ,8,,2023-05-04
PT Bank Central Asia Tbk,Network Engineer (Bahasa Mandarin),Central Jakarta, Apply before 24 Dec,Posted 2 months ago ,60,,2023-03-13
paper.id,Product Manager (Jakarta and Malang),North Jakarta, Apply before 26 Oct,Posted 16 days ago ,16,,2023-04-26
Kompas Gramedia,News Video Editor - KOMPAS.com (Solo),Surakarta, Apply before 30 Jul,Posted 7 days ago ,7,,2023-05-05
Compas.co.id,Account Executive,Central Jakarta, Apply before 29 Jul,Posted 10 days ago ,10,,2023-05-02
PT Bank Central Asia Tbk,Security Operations Center Engineer,Central Jakarta, Apply before 11 Dec,Posted 4 months ago ,120,,2023-01-12
PT Bank Central Asia Tbk,Data Center System Operator & Facility Management,Central Jakarta, Apply before 12 Dec,Posted 6 months ago ,180,,2022-11-13
GITS Indonesia,HR Compensation & Benefits,Bandung, Apply before 20 Sep,Posted 4 days ago ,4,,2023-05-08
Investree,Business Development Manager,Jakarta, Apply before 29 Jun,Posted 9 days ago ,9,,2023-05-03
PT Andalan Nusantara Teknologi,Senior IT Engineers (GOV/DEV/INF) / Professional Trainers,Central Jakarta, Apply before 14 Jun,Posted 10 days ago ,10,,2023-05-02
PT Adi Data Informatika,IT Developer,West Jakarta, Apply before 12 Dec,Posted 4 months ago ,120,,2023-01-12
Kompas Gramedia,Back End Developer - Digital IT,Central Jakarta, Apply before 30 Aug,Posted 2 months ago ,60,,2023-03-13
PT Adi Data Informatika,IT Developer,West Jakarta, Apply before 12 Dec,Posted 4 months ago ,120,,2023-01-12
Cetta Online Class,Study Abroad Counselor,South Jakarta, Apply before 2 Jul,Posted 7 days ago ,7,,2023-05-05
Andalin,Andalin Future Leader Development Program,South Jakarta, Apply before 29 Aug,Posted 2 days ago ,2,,2023-05-10
PT Asahimas Flat Glass Tbk,Purchasing (MT/ Staff),Central Jakarta, Apply before 8 Jul,Posted 2 days ago ,2,,2023-05-10
Compas.co.id,Data and Product Quality Assurance,Central Jakarta, Apply before 25 Jun,Posted 14 days ago ,14,,2023-04-28
Investree,Back-end Engineer,South Jakarta, Apply before 17 Mar,Posted 2 months ago ,60,,2023-03-13
PT Panin Dai-Ichi Life (Bancassurance),Bancassurance Officer (Area: Jawa Timur & Jawa Tengah),Surabaya, Apply before 14 May,Posted 8 days ago ,8,,2023-05-04
Moneta Pay,Account Manager (Mandarin Speaker),West Jakarta, Apply before 9 Oct,Posted 5 months ago ,150,,2022-12-13
Accenture,SAP MM Consultant,Central Jakarta, Apply before 31 Jul,Posted 5 months ago ,150,,2022-12-13
Marga Nusantara Jaya,SALES ADMINISTRATION OFFICER,East Jakarta, Apply before 30 May,Posted 6 months ago ,180,,2022-11-13
paper.id,Senior Data Engineer,North Jakarta, Apply before 30 May,Posted a month ago ,30,Yes,2023-04-12
PT. Royal Trust,Data Entry,South Jakarta, Apply before 30 May,Posted a month ago ,30,Yes,2023-04-12
PT Global Urban Esensial,Backend Developer,South Tangerang, Apply before 30 Jul,Posted a month ago ,30,Yes,2023-04-12
Algoritma,Business Intelligence Instructor,Jakarta, Apply before 30 May,Posted a month ago ,30,Yes,2023-04-12
PT Majoo Teknologi Indonesia,Key Account Jr. Executive,South Jakarta, Apply before 11 Jun,Posted a month ago ,30,Yes,2023-04-12
PT IDStar Cipta Teknologi,ETL Developer,South Jakarta, Apply before 29 May,Posted a month ago ,30,Yes,2023-04-12
PT. Royal Trust,Data Entry,South Jakarta, Apply before 30 May,Posted a month ago ,30,Yes,2023-04-12
Cyber Future Forex,Business Consultant,North Jakarta, Apply before 10 Jul,Posted a month ago ,30,Yes,2023-04-12
Astra Financial,Growth Campaign,South Jakarta, Apply before 25 May,Posted a month ago ,30,Yes,2023-04-12
Cyber Future Forex,Account Manager,North Jakarta, Apply before 11 Aug,Posted a month ago ,30,Yes,2023-04-12
PT IDStar Cipta Teknologi,ETL Developer,South Jakarta, Apply before 29 May,Posted a month ago ,30,Yes,2023-04-12
PT BCA Finance,Professional Development Program - Technology,South Jakarta, Apply before 9 Jul,Posted a month ago ,30,Yes,2023-04-12
Asuransi Astra,IT Business Information,South Jakarta, Apply before 22 May,Posted a month ago ,30,Yes,2023-04-12
Cyber Future Forex,Business Consultant - Penempatan Jakarta Selatan,South Jakarta, Apply before 29 Jul,Posted a month ago ,30,Yes,2023-04-12
Wistkey Technologies Limited / MamaHelpers,Software Developer,Central Jakarta, Apply before 30 May,Posted a month ago ,30,Yes,2023-04-12
PT Bank Central Asia Tbk,BCA Development Program IT (BDP IT),Central Jakarta, Apply before 30 Dec,Posted a month ago ,30,Yes,2023-04-12
PhinCon,Android Developer,South Jakarta, Apply before 30 May,Posted a month ago ,30,Yes,2023-04-12
FIFGROUP,IT MIS & Customer Application,South Jakarta, Apply before 10 Jun,Posted a month ago ,30,Yes,2023-04-12
OY! Indonesia,Senior Partnership,South Jakarta, Apply before 8 Jun,Posted a month ago ,30,Yes,2023-04-12
Cyber Future Forex,Marketing Consultant,Jakarta, Apply before 10 Jun,Posted a month ago ,30,Yes,2023-04-12
PT. Jasa Teknologi Informasi IBM,SAP SD Support,Central Jakarta, Apply before 12 Jun,Posted a month ago ,30,Yes,2023-04-12
"PT Metrodata Electronics, Tbk",Technical Consultant,Jakarta, Apply before 11 Jun,Posted a month ago ,30,Yes,2023-04-12
Astra Financial,Credit & Industry Specialist,Central Jakarta, Apply before 22 May,Posted a month ago ,30,Yes,2023-04-12
PT Mobilitas Digital Indonesia,Business Account Manager,East Jakarta, Apply before 4 Jun,Posted a month ago ,30,Yes,2023-04-12
Cyber Future Forex,Marketing Consultant,Jakarta, Apply before 10 Jun,Posted a month ago ,30,Yes,2023-04-12
PT. Jasa Teknologi Informasi IBM,SAP SD Support,Central Jakarta, Apply before 12 Jun,Posted a month ago ,30,Yes,2023-04-12
"PT Metrodata Electronics, Tbk",Technical Consultant,Jakarta, Apply before 11 Jun,Posted a month ago ,30,Yes,2023-04-12
Astra Financial,Credit & Industry Specialist,Central Jakarta, Apply before 22 May,Posted a month ago ,30,Yes,2023-04-12
PT Mobilitas Digital Indonesia,Business Account Manager,East Jakarta, Apply before 4 Jun,Posted a month ago ,30,Yes,2023-04-12
PT BFI Finance Indonesia Tbk,Operational QA Data Analyst,Tangerang, Apply before 28 May,Posted a month ago ,30,Yes,2023-04-12
"PT Metrodata Electronics, Tbk",Technical Consultant,Jakarta, Apply before 11 Jun,Posted a month ago ,30,Yes,2023-04-12
PT. Indocyber Global Technology,IT Quality Assurance Automation - Pakuwon Tower Recruitment Center IGLO,South Jakarta, Apply before 30 Dec,Posted a month ago ,30,Yes,2023-04-12
Aleph Labs,Frontend React.Js (Contract Based),Jakarta, Apply before 29 May,Posted a month ago ,30,Yes,2023-04-12
Astra Financial,Credit & Industry Specialist,Central Jakarta, Apply before 22 May,Posted a month ago ,30,Yes,2023-04-12
PT Dipo Star Finance,Accounting Associate,Central Jakarta, Apply before 24 May,Posted a month ago ,30,Yes,2023-04-12
paper.id,System Analyst,North Jakarta, Apply before 8 Jun,Posted a month ago ,30,Yes,2023-04-12
PT Mobilitas Digital Indonesia,Business Account Manager,East Jakarta, Apply before 4 Jun,Posted a month ago ,30,Yes,2023-04-12
Aleph Labs,Frontend React.Js (Contract Based),Jakarta, Apply before 29 May,Posted a month ago ,30,Yes,2023-04-12
PT BFI Finance Indonesia Tbk,Customer Research,Tangerang, Apply before 12 Jun,Posted a month ago ,30,Yes,2023-04-12
PT BFI Finance Indonesia Tbk,Customer Research,Tangerang, Apply before 12 Jun,Posted a month ago ,30,Yes,2023-04-12
PT Asuransi Allianz Life Indonesia,Actuary Pricing,South Jakarta, Apply before 29 Jun,Posted a month ago ,30,Yes,2023-04-12
28Grup,Java Developer,South Jakarta, Apply before 26 May,Posted a month ago ,30,Yes,2023-04-12
PT LAKU6 ONLINE INDONESIA,SPG/SPB,Jakarta, Apply before 11 Jun,Posted a month ago ,30,Yes,2023-04-12
MITech,.NET Developer,Jakarta, Apply before 7 Dec,Posted a month ago ,30,Yes,2023-04-12
PT Midas Daya Teknologi,Senior Business Analyst,Jakarta, Apply before 27 May,Posted a month ago ,30,Yes,2023-04-12
PT BCA Finance,Business Analyst (Digital Process Automation),South Jakarta, Apply before 30 May,Posted a month ago ,30,Yes,2023-04-12
PT BFI Finance Indonesia Tbk,Customer Service - Branch Tasikmalaya,Tangerang, Apply before 11 Jun,Posted a month ago ,30,Yes,2023-04-12
PT BFI Finance Indonesia Tbk,Lead Data Engineer,Tangerang, Apply before 11 Jun,Posted a month ago ,30,Yes,2023-04-12
PT BFI Finance Indonesia Tbk,Custodian Admin,Tangerang, Apply before 27 May,Posted a month ago ,30,Yes,2023-04-12
paper.id,Business Operation Associate,North Jakarta, Apply before 1 Jun,Posted a month ago ,30,Yes,2023-04-12
28Grup,Java Developer,South Jakarta, Apply before 26 May,Posted a month ago ,30,Yes,2023-04-12
Dekoruma,Business Development Internship (Thudio),West Jakarta, Apply before 1 Jun,Posted a month ago ,30,Yes,2023-04-12
Dekoruma,Business Development Internship (Thudio),West Jakarta, Apply before 1 Jun,Posted a month ago ,30,Yes,2023-04-12
PT. Jasa Teknologi Informasi IBM,Big Data Administrator,Central Jakarta, Apply before 9 Aug,Posted a month ago ,30,Yes,2023-04-12
Investree,Data Scientist,Jakarta, Apply before 30 May,Posted a month ago ,30,Yes,2023-04-12
PT Adi Data Informatika,IOS & Android Developer,West Jakarta, Apply before 10 Jun,Posted a month ago ,30,Yes,2023-04-12
Kraft Heinz ABC Indonesia,Business Intelligence Senior Analyst,South Jakarta, Apply before 8 Jun,Posted a month ago ,30,Yes,2023-04-12
PT Bumi Amartha Teknologi Mandiri,System Analyst,South Jakarta, Apply before 28 Jun,Posted a month ago ,30,Yes,2023-04-12
"DOKU, PT NUSA SATU INTI ARTHA",System & Cloud Engineer,South Jakarta, Apply before 3 Jun,Posted a month ago ,30,Yes,2023-04-12
